{
    "name": "root",
    "gauges": {
        "SnowballTarget.Policy.Entropy.mean": {
            "value": 1.1305919885635376,
            "min": 1.1300597190856934,
            "max": 2.8822338581085205,
            "count": 20
        },
        "SnowballTarget.Policy.Entropy.sum": {
            "value": 11628.138671875,
            "min": 10971.9423828125,
            "max": 29347.82421875,
            "count": 20
        },
        "SnowballTarget.Step.mean": {
            "value": 199992.0,
            "min": 9968.0,
            "max": 199992.0,
            "count": 20
        },
        "SnowballTarget.Step.sum": {
            "value": 199992.0,
            "min": 9968.0,
            "max": 199992.0,
            "count": 20
        },
        "SnowballTarget.Policy.ExtrinsicValueEstimate.mean": {
            "value": 11.906200408935547,
            "min": 0.14622676372528076,
            "max": 11.906200408935547,
            "count": 20
        },
        "SnowballTarget.Policy.ExtrinsicValueEstimate.sum": {
            "value": 2393.146240234375,
            "min": 15.938716888427734,
            "max": 2426.03759765625,
            "count": 20
        },
        "SnowballTarget.Environment.EpisodeLength.mean": {
            "value": 199.0,
            "min": 199.0,
            "max": 199.0,
            "count": 20
        },
        "SnowballTarget.Environment.EpisodeLength.sum": {
            "value": 10945.0,
            "min": 4378.0,
            "max": 10945.0,
            "count": 20
        },
        "SnowballTarget.Losses.PolicyLoss.mean": {
            "value": 0.07515888666510398,
            "min": 0.06158384885296554,
            "max": 0.07515888666510398,
            "count": 20
        },
        "SnowballTarget.Losses.PolicyLoss.sum": {
            "value": 0.3757944333255199,
            "min": 0.1401864626894559,
            "max": 0.3757944333255199,
            "count": 20
        },
        "SnowballTarget.Losses.ValueLoss.mean": {
            "value": 0.2226287136475245,
            "min": 0.07680811227171444,
            "max": 0.28665584279041667,
            "count": 20
        },
        "SnowballTarget.Losses.ValueLoss.sum": {
            "value": 1.1131435682376225,
            "min": 0.15361622454342888,
            "max": 1.4332792139520834,
            "count": 20
        },
        "SnowballTarget.Policy.LearningRate.mean": {
            "value": 6.696097768000001e-06,
            "min": 6.696097768000001e-06,
            "max": 0.0002888460037179999,
            "count": 20
        },
        "SnowballTarget.Policy.LearningRate.sum": {
            "value": 3.3480488840000005e-05,
            "min": 3.3480488840000005e-05,
            "max": 0.00138648003784,
            "count": 20
        },
        "SnowballTarget.Policy.Epsilon.mean": {
            "value": 0.10223199999999999,
            "min": 0.10223199999999999,
            "max": 0.196282,
            "count": 20
        },
        "SnowballTarget.Policy.Epsilon.sum": {
            "value": 0.51116,
            "min": 0.392564,
            "max": 0.9621599999999999,
            "count": 20
        },
        "SnowballTarget.Policy.Beta.mean": {
            "value": 0.00012137680000000005,
            "min": 0.00012137680000000005,
            "max": 0.0048144718,
            "count": 20
        },
        "SnowballTarget.Policy.Beta.sum": {
            "value": 0.0006068840000000002,
            "min": 0.0006068840000000002,
            "max": 0.023111784000000003,
            "count": 20
        },
        "SnowballTarget.Environment.CumulativeReward.mean": {
            "value": 23.274509803921568,
            "min": 2.0454545454545454,
            "max": 23.274509803921568,
            "count": 20
        },
        "SnowballTarget.Environment.CumulativeReward.sum": {
            "value": 1187.0,
            "min": 45.0,
            "max": 1280.0,
            "count": 20
        },
        "SnowballTarget.Policy.ExtrinsicReward.mean": {
            "value": 23.274509803921568,
            "min": 2.0454545454545454,
            "max": 23.274509803921568,
            "count": 20
        },
        "SnowballTarget.Policy.ExtrinsicReward.sum": {
            "value": 1187.0,
            "min": 45.0,
            "max": 1280.0,
            "count": 20
        },
        "SnowballTarget.IsTraining.mean": {
            "value": 1.0,
            "min": 1.0,
            "max": 1.0,
            "count": 20
        },
        "SnowballTarget.IsTraining.sum": {
            "value": 1.0,
            "min": 1.0,
            "max": 1.0,
            "count": 20
        }
    },
    "metadata": {
        "timer_format_version": "0.1.0",
        "start_time_seconds": "1758205251",
        "python_version": "3.10.12 (main, Sep 18 2025, 14:42:15) [GCC 14.2.0]",
        "command_line_arguments": "/home/oxoghost/Documents/SynologyDrive/Python/DeepReinforcmentLearning/.venv/bin/mlagents-learn ./config/ppo/SnowballTarget.yaml --env=./training-envs-executables/linux/SnowballTarget/SnowballTarget --run-id=SnowballTarget1 --no-graphics --resume",
        "mlagents_version": "1.2.0.dev0",
        "mlagents_envs_version": "1.2.0.dev0",
        "communication_protocol_version": "1.5.0",
        "pytorch_version": "2.8.0+cu128",
        "numpy_version": "1.23.5",
        "end_time_seconds": "1758205448"
    },
    "total": 197.0107469600007,
    "count": 1,
    "self": 0.21846160900167888,
    "children": {
        "run_training.setup": {
            "total": 0.011261127998295706,
            "count": 1,
            "self": 0.011261127998295706
        },
        "TrainerController.start_learning": {
            "total": 196.7810242230007,
            "count": 1,
            "self": 0.3511989852049737,
            "children": {
                "TrainerController._reset_env": {
                    "total": 1.1709918740016292,
                    "count": 1,
                    "self": 1.1709918740016292
                },
                "TrainerController.advance": {
                    "total": 195.21756064379224,
                    "count": 17875,
                    "self": 0.14472694256255636,
                    "children": {
                        "env_step": {
                            "total": 195.07283370122968,
                            "count": 17875,
                            "self": 134.72128105822412,
                            "children": {
                                "SubprocessEnvManager._take_step": {
                                    "total": 60.208689959003095,
                                    "count": 17875,
                                    "self": 0.7480862337324652,
                                    "children": {
                                        "TorchPolicy.evaluate": {
                                            "total": 59.46060372527063,
                                            "count": 17875,
                                            "self": 59.46060372527063
                                        }
                                    }
                                },
                                "workers": {
                                    "total": 0.14286268400246627,
                                    "count": 17875,
                                    "self": 0.0,
                                    "children": {
                                        "worker_root": {
                                            "total": 196.4004725540326,
                                            "count": 17875,
                                            "is_parallel": true,
                                            "self": 106.75762813621986,
                                            "children": {
                                                "run_training.setup": {
                                                    "total": 0.0,
                                                    "count": 0,