{"mean_reward": 736.0, "std_reward": 298.40241285887754, "is_deterministic": false, "n_eval_episodes": 10, "eval_datetime": "2025-08-08T11:24:54.278526"}